id,original_title,original_language,genre,overview,popularity,vote_count,vote_average,release_date
278,The Shawshank Redemption,en,"Drama, Crime","Imprisoned in the 1940s for the double murder of his wife and her lover, upstanding banker Andy Dufresne begins a new life at the Shawshank prison, where he puts his accounting skills to work for an amoral warden. During his long stretch in prison, Dufresne comes to be admired by the other inmates -- including an older prisoner named Red -- for his integrity and unquenchable sense of hope.",36.1467,29384,8.714,1994-09-23
238,The Godfather,en,"Drama, Crime","Spanning the years 1945 to 1955, a chronicle of the fictional Italian-American Corleone crime family. When organized crime family patriarch, Vito Corleone barely survives an attempt on his life, his youngest son, Michael steps in to take care of the would-be killers, launching a campaign of bloody revenge.",37.3341,22174,8.686,1972-03-14
240,The Godfather Part II,en,"Drama, Crime","In the continuing saga of the Corleone crime family, a young Vito Corleone grows up in Sicily and in 1910s New York. In the 1950s, Michael Corleone attempts to expand the family business into Las Vegas, Hollywood and Cuba.",14.6729,13404,8.571,1974-12-20
424,Schindler's List,en,"Drama, History, War",The true story of how businessman Oskar Schindler saved over a thousand Jewish lives from the Nazis while they worked as slaves in his factory during World War II.,13.6783,16923,8.566,1993-12-15
389,12 Angry Men,en,Drama,"The defense and the prosecution have rested and the jury is filing into the jury room to decide if a young Spanish-American is guilty or innocent of murdering his father. What begins as an open and shut case soon becomes a mini-drama of each of the jurors' prejudices and preconceptions about the trial, the accused, and each other.",10.6929,9589,8.548,1957-04-10
129,千と千尋の神隠し,ja,"Animation, Family, Fantasy","A young girl, Chihiro, becomes trapped in a strange new world of spirits. When her parents undergo a mysterious transformation, she must call upon the courage she never knew she had to free her family.",25.6839,17726,8.533,2001-07-20
155,The Dark Knight,en,"Drama, Action, Crime, Thriller","Batman raises the stakes in his war on crime. With the help of Lt. Jim Gordon and District Attorney Harvey Dent, Batman sets out to dismantle the remaining criminal organizations that plague the streets. The partnership proves to be effective, but they soon find themselves prey to a reign of chaos unleashed by a rising criminal mastermind known to the terrified citizens of Gotham as the Joker.",28.8391,34849,8.524,2008-07-16
497,The Green Mile,en,"Fantasy, Drama, Crime","A supernatural tale set on death row in a Southern prison, where gentle giant John Coffey possesses the mysterious power to heal people's ailments. When the cell block's head guard, Paul Edgecomb, recognizes Coffey's miraculous gift, he tries desperately to help stave off the condemned man's execution.",16.0595,18626,8.503,1999-12-10
19404,दिलवाले दुल्हनिया ले जायेंगे,hi,"Comedy, Drama, Romance","Raj is a rich, carefree, happy-go-lucky second generation NRI. Simran is the daughter of Chaudhary Baldev Singh, who in spite of being an NRI is very strict about adherence to Indian values. Simran has left for India to be married to her childhood fiancé. Raj leaves for India with a mission at his hands, to claim his lady love under the noses of her whole family. Thus begins a saga.",5.9649,4522,8.5,1995-10-20
496243,기생충,ko,"Comedy, Thriller, Drama","All unemployed, Ki-taek's family takes peculiar interest in the wealthy and glamorous Parks for their livelihood until they get entangled in an unexpected incident.",18.8551,19826,8.496,2019-05-30
122,The Lord of the Rings: The Return of the King,en,"Adventure, Fantasy, Action","As armies mass for a final battle that will decide the fate of the world--and powerful, ancient forces of Light and Dark compete to determine the outcome--one member of the Fellowship of the Ring is revealed as the noble heir to the throne of the Kings of Men. Yet, the sole hope for triumph over evil lies with a brave hobbit, Frodo, who, accompanied by his loyal friend Sam and the hideous, wretched Gollum, ventures deep into the very dark heart of Mordor on his seemingly impossible quest to destroy the Ring of Power.​",20.8099,25756,8.491,2003-12-17
680,Pulp Fiction,en,"Thriller, Crime, Comedy","A burger-loving hit man, his philosophical partner, a drug-addled gangster's moll and a washed-up boxer converge in this sprawling, comedic crime caper. Their adventures unfurl in three stories that ingeniously trip back and forth in time.",22.7251,29404,8.487,1994-09-10
372058,君の名は。,ja,"Animation, Romance, Drama","High schoolers Mitsuha and Taki are complete strangers living separate lives. But one night, they suddenly switch places. Mitsuha wakes up in Taki’s body, and he in hers. This bizarre occurrence continues to happen randomly, and the two must adjust their lives around each other.",18.0858,12165,8.478,2016-08-26
429,"Il buono, il brutto, il cattivo",it,Western,"While the Civil War rages on between the Union and the Confederacy, three men – a quiet loner, a ruthless hitman, and a Mexican bandit – comb the American Southwest in search of a strongbox containing $200,000 in stolen gold.",11.388,9294,8.465,1966-12-22
157336,Interstellar,en,"Adventure, Drama, Science Fiction",The adventures of a group of explorers who make use of a newly discovered wormhole to surpass the limitations on human space travel and conquer the vast distances involved in an interstellar voyage.,45.8189,38436,8.464,2014-11-05
13,Forrest Gump,en,"Comedy, Drama, Romance","A man with a low IQ has accomplished great things in his life and been present during significant historic events—in each case, far exceeding what anyone imagined he could do. But despite all he has achieved, his one true love eludes him.",22.2882,28969,8.462,1994-06-23
769,GoodFellas,en,"Drama, Crime","The true story of Henry Hill, a half-Irish, half-Sicilian Brooklyn kid who is adopted by neighbourhood gangsters at an early age and climbs the ranks of a Mafia family under the guidance of Jimmy Conway.",14.3824,13840,8.452,1990-09-12
12477,火垂るの墓,ja,"Animation, Drama, War","In the final months of World War II, 14-year-old Seita and his sister Setsuko are orphaned when their mother is killed during an air raid in Kobe, Japan. After a falling out with their aunt, they move into an abandoned bomb shelter. With no surviving relatives and their emergency rations depleted, Seita and Setsuko struggle to survive.",0.0082,6234,8.446,1988-04-16
637,La vita è bella,it,"Comedy, Drama",A touching story of an Italian book seller of Jewish ancestry who lives in his own little fairy tale. His creative and happy life would come to an abrupt halt when his entire family is deported to a concentration camp during World War II. While locked up he tries to convince his son that the whole thing is just a game.,8.5619,13677,8.441,1997-12-20
550,Fight Club,en,"Drama, Thriller","A ticking-time-bomb insomniac and a slippery soap salesman channel primal male aggression into a shocking new form of therapy. Their concept catches on, with underground ""fight clubs"" forming in every town, until an eccentric gets in the way and ignites an out-of-control spiral toward oblivion.",25.0633,31114,8.438,1999-10-15
14537,切腹,ja,"Action, Drama, History","Down-on-his-luck veteran Tsugumo Hanshirō enters the courtyard of the prosperous House of Iyi. Unemployed, and with no family, he hopes to find a place to commit seppuku—and a worthy second to deliver the coup de grâce in his suicide ritual. The senior counselor for the Iyi clan questions the ronin’s resolve and integrity, suspecting Hanshirō of seeking charity rather than an honorable end. What follows is a pair of interlocking stories which lay bare the difference between honor and respect, and promises to examine the legendary foundations of the Samurai code.",3.6641,1135,8.434,1962-09-15
11216,Nuovo Cinema Paradiso,it,"Drama, Romance","A filmmaker recalls his childhood, when he fell in love with the movies at his village's theater and formed a deep friendship with the theater's projectionist.",5.9302,4673,8.427,1988-11-17
120,The Lord of the Rings: The Fellowship of the Ring,en,"Adventure, Fantasy, Action","Young hobbit Frodo Baggins, after inheriting a mysterious ring from his uncle Bilbo, must leave his home in order to keep it from falling into the hands of its evil creator. Along the way, a fellowship is formed to protect the ringbearer and make sure that the ring arrives at its final destination: Mt. Doom, the only place where it can be destroyed.",23.4022,26701,8.426,2001-12-18
539,Psycho,en,"Horror, Thriller, Mystery","When larcenous real estate clerk Marion Crane goes on the lam with a wad of cash and hopes of starting a new life, she ends up at the notorious Bates Motel, where manager Norman Bates cares for his housebound mother.",9.3412,10674,8.42,1960-06-22
40096,O Auto da Compadecida,pt,"Comedy, Drama, Fantasy, Romance","The lively João Grilo and the sly Chicó are poor guys living in the hinterland who cheat a bunch of people in a small town in Northeastern Brazil. When they die, they have to be judged by Christ, the Devil and the Virgin Mary before they are admitted to paradise.",4.647,1194,8.419,2000-09-15
121,The Lord of the Rings: The Two Towers,en,"Adventure, Fantasy, Action","Frodo Baggins and the other members of the Fellowship continue on their sacred quest to destroy the One Ring--but on separate paths. Their destinies lie at two towers--Orthanc Tower in Isengard, where the corrupt wizard Saruman awaits, and Sauron's fortress at Barad-dur, deep within the dark lands of Mordor. Frodo and Sam are trekking to Mordor to destroy the One Ring of Power while Gimli, Legolas and Aragorn search for the orc-captured Merry and Pippin. All along, nefarious wizard Saruman awaits the Fellowship members at the Orthanc Tower in Isengard.",20.3585,23181,8.411,2002-12-18
724089,Gabriel's Inferno: Part II,en,"Romance, Drama","Professor Gabriel Emerson finally learns the truth about Julia Mitchell's identity, but his realization comes a moment too late. Julia is done waiting for the well-respected Dante specialist to remember her and wants nothing more to do with him. Can Gabriel win back her heart before she finds love in another's arms?",1.094,1534,8.4,2020-07-31
696374,Gabriel's Inferno,en,"Romance, Drama","An intriguing and sinful exploration of seduction, forbidden love, and redemption, Gabriel's Inferno is a captivating and wildly passionate tale of one man's escape from his own personal hell as he tries to earn the impossible--forgiveness and love.",3.6654,2438,8.4,2020-05-29
346,七人の侍,ja,"Action, Drama","A samurai answers a village's request for protection after he falls on hard times. The town needs protection from bandits, so the samurai gathers six others to help him teach the people how to defend themselves, and the villagers provide the soldiers with food.",6.4146,4052,8.4,1954-04-26
510,One Flew Over the Cuckoo's Nest,en,Drama,"A petty criminal fakes insanity to serve his sentence in a mental ward rather than prison. He soon finds himself as a leader to the other patients—and an enemy to the cruel, domineering nurse who runs the ward.",8.7801,11079,8.4,1975-11-19
598,Cidade de Deus,pt,"Drama, Crime","In the poverty-stricken favelas of Rio de Janeiro in the 1970s, two young men choose different paths. Rocket is a budding photographer who documents the increasing drug-related violence of his neighborhood, while José “Zé” Pequeno is an ambitious drug dealer diving into a dangerous life of crime.",7.8297,7906,8.4,2002-08-30
761053,Gabriel's Inferno: Part III,en,"Romance, Drama",The final part of the film adaption of the erotic romance novel Gabriel's Inferno written by an anonymous Canadian author under the pen name Sylvain Reynard.,5.2122,1071,8.4,2020-11-19
311,Once Upon a Time in America,en,"Drama, Crime","A former Prohibition-era Jewish gangster returns to the Lower East Side of Manhattan over thirty years later, where he once again must confront the ghosts and regrets of his old life.",9.3216,5812,8.396,1984-05-23
324857,Spider-Man: Into the Spider-Verse,en,"Animation, Action, Adventure, Science Fiction","Struggling to find his place in the world while juggling school and family, Brooklyn teenager Miles Morales is unexpectedly bitten by a radioactive spider and develops unfathomable powers just like the one and only Spider-Man. While wrestling with the implications of his new abilities, Miles discovers a super collider created by the madman Wilson ""Kingpin"" Fisk, causing others from across the Spider-Verse to be inadvertently transported to his dimension.",15.9764,16676,8.394,2018-12-06
1891,The Empire Strikes Back,en,"Adventure, Action, Science Fiction","The epic saga continues as Luke Skywalker, in hopes of defeating the evil Galactic Empire, learns the ways of the Jedi from aging master Yoda. But Darth Vader is more determined than ever to capture Luke. Meanwhile, rebel leader Princess Leia, cocky Han Solo, Chewbacca, and droids C-3PO and R2-D2 are thrown into various stages of capture, betrayal and despair.",6.9208,17897,8.393,1980-05-20
4935,ハウルの動く城,ja,"Fantasy, Animation, Adventure","Sophie, a young milliner, is turned into an elderly woman by a witch who enters her shop and curses her. She encounters a wizard named Howl and gets caught up in his resistance to fighting for the king.",12.906,10671,8.39,2004-09-09
378064,映画 聲の形,ja,"Animation, Drama, Romance","Shouya Ishida starts bullying the new girl in class, Shouko Nishimiya, because she is deaf. But as the teasing continues, the rest of the class starts to turn on Shouya for his lack of compassion. When they leave elementary school, Shouko and Shouya do not speak to each other again... until an older, wiser Shouya, tormented by his past behaviour, decides he must see Shouko once more. He wants to atone for his sins, but is it already too late...?",10.6941,4290,8.386,2016-09-17
423,The Pianist,en,"Drama, War","The true story of pianist Władysław Szpilman's experiences in Warsaw during the Nazi occupation. When the Jews of the city find themselves forced into a ghetto, Szpilman finds work playing in a café; and when his family is deported in 1942, he stays behind, works for a while as a laborer, and eventually goes into hiding in the ruins of the war-torn city.",8.1136,9804,8.379,2002-09-17
807,Se7en,en,"Crime, Mystery, Thriller","Two homicide detectives are on a desperate hunt for a serial killer whose crimes are based on the ""seven deadly sins"" in this dark and haunting film that takes viewers from the tortured remains of one victim to the next. The seasoned Det. Somerset researches each sin in an effort to get inside the killer's mind, while his novice partner, Mills, scoffs at his efforts to unravel the case.",14.7998,22382,8.378,1995-09-22
244786,Whiplash,en,"Drama, Music","Under the direction of a ruthless instructor, a talented young drummer begins to pursue perfection at any cost, even his humanity.",14.0022,16132,8.375,2014-10-10
27205,Inception,en,"Action, Science Fiction, Adventure","Cobb, a skilled thief who commits corporate espionage by infiltrating the subconscious of his targets is offered a chance to regain his old life as payment for a task considered to be impossible: ""inception"", the implantation of another person's idea into a target's subconscious.",36.2862,38375,8.371,2010-07-15
12493,天国と地獄,ja,"Drama, Crime",A Yokohama shoe executive faces a wrenching choice when kidnappers mistakenly seize his chauffeur’s son but demand the ransom anyway.,6.5437,1056,8.349,1963-03-01
567,Rear Window,en,"Thriller, Mystery",A wheelchair-bound photographer spies on his neighbors from his apartment window and becomes convinced one of them has committed murder.,4.9703,6925,8.348,1954-08-01
274,The Silence of the Lambs,en,"Crime, Thriller, Drama","Clarice Starling is a top student at the FBI's training academy.  Jack Crawford wants Clarice to interview Dr. Hannibal Lecter, a brilliant psychiatrist who is also a violent psychopath, serving life behind bars for various acts of murder and cannibalism.  Crawford believes that Lecter may have insight into a case and that Starling, as an attractive young woman, may be just the bait to draw him out.",3.5644,17352,8.346,1991-02-14
569094,Spider-Man: Across the Spider-Verse,en,"Animation, Action, Adventure, Science Fiction","After reuniting with Gwen Stacy, Brooklyn’s full-time, friendly neighborhood Spider-Man is catapulted across the Multiverse, where he encounters the Spider Society, a team of Spider-People charged with protecting the Multiverse's very existence. But when the heroes clash on how to handle a new threat, Miles finds himself pitted against the other Spiders and must set out on his own to save those he loves most.",28.6409,8098,8.337,2023-05-31
73,American History X,en,Drama,"Derek Vineyard is paroled after serving 3 years in prison for killing two African-American men. Through his brother, Danny Vineyard's narration, we learn that before going to prison, Derek was a skinhead and the leader of a violent white supremacist gang that committed acts of racial crime throughout L.A. and his actions greatly influenced Danny. Reformed and fresh out of prison, Derek severs contact with the gang and becomes determined to keep Danny from going down the same violent path as he did.",6.4988,12207,8.33,1998-07-01
128,もののけ姫,ja,"Adventure, Fantasy, Animation","Ashitaka, a prince of the disappearing Emishi people, is cursed by a demonized boar god and must journey to the west to find a cure. Along the way, he encounters San, a young human woman fighting to protect the forest, and Lady Eboshi, who is trying to destroy it. Ashitaka must find a way to bring balance to this conflict.",9.3955,8645,8.324,1997-07-12
105,Back to the Future,en,"Adventure, Comedy, Science Fiction","Eighties teenager Marty McFly is accidentally sent back in time to 1955, inadvertently disrupting his parents' first meeting and attracting his mother's romantic interest. Marty must repair the damage to history by rekindling his parents' romance and - with the help of his eccentric inventor friend Doc Brown - return to 1985.",17.1203,21166,8.322,1985-07-03
1184918,The Wild Robot,en,"Animation, Science Fiction, Family, Adventure, Drama","After a shipwreck, an intelligent robot called Roz is stranded on an uninhabited island. To survive the harsh environment, Roz bonds with the island's animals and cares for an orphaned baby goose.",16.6695,5567,8.317,2024-09-12
3782,生きる,ja,Drama,"Kanji Watanabe is a middle-aged man who has worked in the same monotonous bureaucratic position for decades. Learning he has cancer, he starts to look for the meaning of his life.",6.6858,1263,8.315,1952-10-09
207,Dead Poets Society,en,Drama,"At an elite, old-fashioned boarding school in New England, a passionate English teacher inspires his students to rebel against convention and seize the potential of every day, courting the disdain of the stern headmaster.",10.4715,12101,8.302,1989-06-02
1585,It's a Wonderful Life,en,"Drama, Family, Fantasy","A holiday favourite for generations...  George Bailey has spent his entire life giving to the people of Bedford Falls.  All that prevents rich skinflint Mr. Potter from taking over the entire town is George's modest building and loan company.  But on Christmas Eve the business's $8,000 is lost and George's troubles begin.",20.2094,4681,8.3,1946-12-20
101,Léon,fr,"Crime, Drama, Action","Léon, the top hit man in New York, has earned a rep as an effective ""cleaner"". But when his next-door neighbors are wiped out by a loose-cannon DEA agent, he becomes the unwilling custodian of 12-year-old Mathilda. Before long, Mathilda's thoughts turn to revenge, and she considers following in Léon's footsteps.",11.1251,15622,8.299,1994-09-14
10494,PERFECT BLUE,ja,"Animation, Thriller","Rising pop star Mima quits singing to pursue a career as an actress. After she takes up a role on a popular detective show, her handlers and collaborators begin turning up murdered. Harboring feelings of guilt and haunted by visions of her former self, Mima's reality and fantasy meld into a frenzied paranoia.",9.3192,3000,8.297,1998-02-28
914,The Great Dictator,en,"Comedy, War",Dictator Adenoid Hynkel tries to expand his empire while a poor Jewish barber tries to avoid persecution from Hynkel's regime.,2.6968,3572,8.289,1940-10-15
599,Sunset Boulevard,en,Drama,A hack screenwriter writes a screenplay for a former silent film star who has faded into Hollywood obscurity.,2.5252,2805,8.288,1950-08-10
3082,Modern Times,en,"Comedy, Drama, Romance","A bumbling tramp desires to build a home with a young woman, yet is thwarted time and time again by his lack of experience and habit of being in the wrong place at the wrong time..",2.9479,3939,8.283,1936-02-05
335,C'era una volta il West,it,"Drama, Western","As the railroad builders advance unstoppably through the Arizona desert on their way to the sea, Jill arrives in the small town of Flagstone with the intention of starting a new life.",10.9015,4705,8.281,1968-12-21
77338,Intouchables,fr,"Drama, Comedy",A true story of two men who should never have met – a quadriplegic aristocrat who was injured in a paragliding accident and a young man from the projects.,10.3021,18009,8.271,2011-11-02
92321,蛍火の杜へ,ja,"Romance, Animation, Fantasy","One hot summer day a little girl gets lost in an enchanted forest of the mountain god where spirits reside. A young boy appears before her, but she cannot touch him for fear of making him disappear. And so a wondrous adventure awaits...",0.0033,1184,8.27,2011-09-17
18491,新世紀エヴァンゲリオン劇場版 Air／まごころを、君に,ja,"Animation, Science Fiction, Drama, Fantasy","SEELE orders an all-out attack on NERV, aiming to destroy the Evas before Gendo can advance his own plans for the Human Instrumentality Project. Shinji is pushed to the limits of his sanity as he is forced to decide the fate of humanity.",5.6305,1756,8.269,1997-07-19
28,Apocalypse Now,en,"Drama, War","At the height of the Vietnam war, Captain Benjamin Willard is sent on a dangerous mission that, officially, ""does not exist, nor will it ever exist."" His goal is to locate - and eliminate - a mysterious Green Beret Colonel named Walter Kurtz, who has been leading his personal army on illegal guerrilla missions into enemy territory.",7.9641,8765,8.269,1979-05-19
901,City Lights,en,"Comedy, Drama, Romance",A tramp falls in love with a beautiful blind flower girl. His on-and-off friendship with a wealthy man allows him to be the girl's benefactor and suitor.,2.3164,2358,8.26,1931-02-06
975,Paths of Glory,en,"War, Drama",A commanding officer defends three scapegoats on trial for a failed offensive that occurred within the French Army in 1916.,2.9094,3149,8.259,1957-10-25
8587,The Lion King,en,"Family, Animation, Drama, Adventure","Young lion prince Simba, eager to one day become king of the Pride Lands, grows up under the watchful eye of his father Mufasa; all the while his villainous uncle Scar conspires to take the throne for himself. Amid betrayal and tragedy, Simba must confront his past and find his rightful place in the Circle of Life.",15.325,19208,8.256,1994-06-15
637920,7. Koğuştaki Mucize,tr,Drama,"Separated from his daughter, a father with an intellectual disability must prove his innocence when he is jailed for the death of a commander's child.",4.7829,4505,8.255,2019-10-10
10376,La leggenda del pianista sull'oceano,it,"Drama, Music","The story of a virtuoso piano player who lives his entire life aboard an ocean liner. Born and raised on the ship, 1900 learned about the outside world through interactions with passengers, never setting foot on land, even for the love of his life. Years later, the ship may be destroyed, and a former band member fears that 1900 may still be aboard, willing to go down with the ship.",3.5195,2373,8.247,1998-10-28
670,올드보이,ko,"Drama, Thriller, Mystery, Action","With no clue how he came to be imprisoned, drugged and tortured for 15 years, a desperate man seeks revenge on his captors.",14.4009,9407,8.244,2003-11-21
447362,Life in a Year,en,"Drama, Romance","A 17 year old finds out that his girlfriend is dying, so he sets out to give her an entire life, in the last year she has left.",3.1046,1947,8.238,2020-11-27
630566,Clouds,en,"Music, Drama, Romance","Young musician Zach Sobiech discovers his cancer has spread, leaving him just a few months to live. With limited time, he follows his dream and makes an album, unaware that it will soon be a viral music phenomenon.",2.0819,1039,8.238,2020-10-09
299534,Avengers: Endgame,en,"Adventure, Science Fiction, Action","After the devastating events of Avengers: Infinity War, the universe is in ruins due to the efforts of the Mad Titan, Thanos. With the help of remaining allies, the Avengers must assemble once more in order to undo Thanos' actions and restore order to the universe once and for all, no matter what consequences may be in store.",16.8872,27016,8.237,2019-04-24
603,The Matrix,en,"Action, Science Fiction","Set in the 22nd century, The Matrix tells the story of a computer hacker who joins a group of underground insurgents fighting the vast and powerful computers who now rule the earth.",24.7992,27110,8.236,1999-03-31
299536,Avengers: Infinity War,en,"Adventure, Action, Science Fiction","As the Avengers and their allies have continued to protect the world from threats too large for any one hero to handle, a new danger has emerged from the cosmic shadows: Thanos. A despot of intergalactic infamy, his goal is to collect all six Infinity Stones, artifacts of unimaginable power, and use them to inflict his twisted will on all of reality. Everything the Avengers have fought for has led up to this moment - the fate of Earth and existence itself has never been more uncertain.",23.2062,31232,8.235,2018-04-25
508965,Klaus,en,"Animation, Family, Adventure, Comedy, Fantasy","A selfish postman and a reclusive toymaker form an unlikely friendship, delivering joy to a cold, dark town that desperately needs it.",13.6194,4444,8.225,2019-11-08
490132,Green Book,en,"Drama, Comedy, History","Tony Lip, a bouncer in 1962, is hired to drive pianist Don Shirley on a tour through the Deep South in the days when African Americans, forced to find alternate accommodations and services due to segregation laws below the Mason-Dixon Line, relied on a guide called The Negro Motorist Green Book.",9.9962,12437,8.225,2018-11-16
25237,Иди и смотри,ru,"Drama, War","The invasion of a village in Belarus by German forces sends young Florya into the forest to join the weary Resistance fighters, against his family's wishes. There he meets a girl, Glasha, who accompanies him back to his village. On returning home, Florya finds his family and fellow peasants massacred. His continued survival amidst the brutal debris of war becomes increasingly nightmarish, a battle between despair and hope.",5.2268,1712,8.224,1985-10-17
527641,Five Feet Apart,en,"Romance, Drama","Seventeen-year-old Stella spends most of her time in the hospital as a cystic fibrosis patient. Her life is full of routines, boundaries and self-control — all of which get put to the test when she meets Will, an impossibly charming teen who has the same illness. There's an instant flirtation, though restrictions dictate that they must maintain a safe distance between them. As their connection intensifies, so does the temptation to throw the rules out the window and embrace that attraction.",4.2058,5828,8.223,2019-03-14
857,Saving Private Ryan,en,"War, Drama, History","As U.S. troops storm the beaches of Normandy, three brothers lie dead on the battlefield, with a fourth trapped behind enemy lines. Ranger captain John Miller and seven men are tasked with penetrating German-held territory and bringing the boy home.",14.3291,16717,8.221,1998-07-24
98,Gladiator,en,"Action, Drama, Adventure","After the death of Emperor Marcus Aurelius, his devious son takes power and demotes Maximus, one of Rome's most capable generals who Marcus preferred. Eventually, Maximus is forced to become a gladiator and battle to the death against other men for the amusement of paying audiences.",23.2573,20308,8.221,2000-05-04
265177,Mommy,fr,Drama,"A peculiar neighbor offers hope to a recent widow who is struggling to raise a teenager who is unpredictable and, sometimes, violent.",4.6317,2798,8.217,2014-09-19
37257,Witness for the Prosecution,en,"Drama, Mystery, Crime",An ailing barrister agrees to defend a man in a sensational murder trial where the unconvincing testimony of the defendant's wife becomes a subject of confusion.,3.5226,1584,8.215,1957-12-17
16869,Inglourious Basterds,en,"Drama, Thriller, War","In Nazi-occupied France during World War II, a group of Jewish-American soldiers known as ""The Basterds"" are chosen specifically to spread fear throughout the Third Reich by scalping and brutally killing Nazis. The Basterds, lead by Lt. Aldo Raine soon cross paths with a French-Jewish teenage girl who runs a movie theater in Paris which is targeted by the soldiers.",13.9884,23500,8.215,2009-08-02
618344,Justice League Dark: Apokolips War,en,"Animation, Action, Adventure, Fantasy","Earth is decimated after intergalactic tyrant Darkseid has devastated the Justice League in a poorly executed war by the DC Super Heroes. Now the remaining bastions of good – the Justice League, Teen Titans, Suicide Squad and assorted others – must regroup, strategize and take the war to Darkseid in order to save the planet and its surviving inhabitants.",2.7687,1527,8.211,2020-05-05
315162,Puss in Boots: The Last Wish,en,"Animation, Adventure, Fantasy, Comedy, Family","Puss in Boots discovers that his passion for adventure has taken its toll: He has burned through eight of his nine lives, leaving him with only one life left. Puss sets out on an epic journey to find the mythical Last Wish and restore his nine lives.",15.1738,8530,8.208,2022-12-07
1124,The Prestige,en,"Drama, Mystery, Science Fiction","A mysterious story of two magicians whose intense rivalry leads them on a life-long battle for supremacy -- full of obsession, deceit and jealousy with dangerous and deadly consequences.",11.5029,17033,8.206,2006-10-17
694,The Shining,en,"Horror, Thriller","Jack Torrance accepts a caretaker job at the Overlook Hotel, where he, along with his wife Wendy and their son Danny, must live isolated from the rest of the world for the winter. But they aren't prepared for the madness that lurks within.",26.1852,18414,8.206,1980-05-23
50014,The Help,en,Drama,"Aibileen Clark is a middle-aged African-American maid who has spent her life raising white children and has recently lost her only son; Minny Jackson is an African-American maid who has often offended her employers despite her family's struggles with money and her desperate need for jobs; and Eugenia ""Skeeter"" Phelan is a young white woman who has recently moved back home after graduating college to find out her childhood maid has mysteriously disappeared. These three stories intertwine to explain how life in Jackson, Mississippi revolves around ""the help""; yet they are always kept at a certain distance because of racial lines.",10.2442,8780,8.205,2011-08-09
11,Star Wars,en,"Adventure, Action, Science Fiction",Princess Leia is captured and held hostage by the evil Imperial forces in their effort to take over the galactic Empire. Venturesome Luke Skywalker and dashing captain Han Solo team together with the loveable robot duo R2-D2 and C-3PO to rescue the beautiful princess and restore peace and justice in the Empire.,20.2139,21737,8.203,1977-05-25
441130,Wolfwalkers,en,"Animation, Family, Adventure, Fantasy","In a time of superstition and magic, when wolves are seen as demonic and nature an evil to be tamed, a young apprentice hunter comes to Ireland with her father to wipe out the last pack. But when she saves a wild native girl, their friendship leads her to discover the world of the Wolfwalkers and transform her into the very thing her father is tasked to destroy.",4.7035,1315,8.202,2020-10-26
11324,Shutter Island,en,"Drama, Thriller, Mystery","World War II soldier-turned-U.S. Marshal Teddy Daniels investigates the disappearance of a patient from a hospital for the criminally insane, but his efforts are compromised by troubling visions and a mysterious doctor.",19.5321,25155,8.202,2010-02-14
504253,君の膵臓をたべたい,ja,"Animation, Drama, Romance","After his classmate and crush is diagnosed with a pancreatic disease, an average high schooler sets out to make the most of her final days.",8.4306,1693,8.2,2018-09-01
354912,Coco,en,"Family, Animation, Music, Adventure","Despite his family’s baffling generations-old ban on music, Miguel dreams of becoming an accomplished musician like his idol, Ernesto de la Cruz. Desperate to prove his talent, Miguel finds himself in the stunning and colorful Land of the Dead following a mysterious chain of events. Along the way, he meets charming trickster Hector, and together, they set off on an extraordinary journey to unlock the real story behind Miguel's family history.",16.1755,20494,8.2,2017-10-27
635302,劇場版「鬼滅の刃」無限列車編,ja,"Animation, Action, Fantasy","Tanjiro Kamado, joined with Inosuke Hashibira, a boy raised by boars who wears a boar's head, and Zenitsu Agatsuma, a scared boy who reveals his true power when he sleeps, boards the Infinity Train on a new mission with the Fire Hashira, Kyojuro Rengoku, to defeat a demon who has been tormenting the people and killing the demon slayers who oppose it!",9.5395,4338,8.2,2020-10-16
490,Det sjunde inseglet,sv,"Fantasy, Drama","When disillusioned Swedish knight Antonius Block returns home from the Crusades to find his country in the grips of the Black Death, he challenges Death to a chess match for his life. Tormented by the belief that God does not exist, Block sets off on a journey, meeting up with traveling players Jof and his wife, Mia, and becoming determined to evade Death long enough to commit one redemptive act while he still lives.",4.7829,3222,8.2,1957-02-16
348,Alien,en,"Horror, Science Fiction","During its return to the earth, commercial spaceship Nostromo intercepts a distress signal from a distant planet. When a three-member team of the crew discovers a chamber containing thousands of eggs on the planet, a creature inside one of the eggs attacks an explorer. The entire crew is unaware of the impending nightmare set to descend upon them when the alien parasite planted inside its unfortunate host is birthed.",19.5699,15819,8.2,1979-05-25
110420,おおかみこどもの雨と雪,ja,"Animation, Family, Drama, Fantasy","After her werewolf lover unexpectedly dies in an accident, a woman must find a way to raise the son and daughter that she had with him. However, their inheritance of their father's traits prove to be a challenge for her.",6.5841,2402,8.2,2012-07-21
284,The Apartment,en,"Comedy, Drama, Romance","Bud Baxter is a minor clerk in a huge New York insurance company, until he discovers a quick way to climb the corporate ladder. He lends out his apartment to the executives as a place to take their mistresses. Although he often has to deal with the aftermath of their visits, one night he's left with a major problem to solve.",5.8529,2523,8.195,1960-06-21
290098,아가씨,ko,"Thriller, Drama, Romance","1930s Korea, in the period of Japanese occupation, a new girl, Sookee, is hired as a handmaiden to a Japanese heiress, Hideko, who lives a secluded life on a large countryside estate with her domineering Uncle Kouzuki. But the maid has a secret. She is a pickpocket recruited by a swindler posing as a Japanese Count to help him seduce the Lady to steal her fortune.",12.3712,4115,8.193,2016-06-01
324786,Hacksaw Ridge,en,"Drama, History, War","WWII American Army Medic Desmond T. Doss, who served during the Battle of Okinawa, refuses to kill people and becomes the first Conscientious Objector in American history to receive the Congressional Medal of Honor.",12.0422,14473,8.191,2016-10-07
68718,Django Unchained,en,"Drama, Western","With the help of a German bounty hunter, a freed slave sets out to rescue his wife from a brutal Mississippi plantation owner.",12.6261,27338,8.185,2012-12-25
